date,sharpe_ratio,mape,net_return,gross_return
2024-01-02,2307.8277375510665,0.5841678374152633,"Close        0.0
Close_s0     0.0
Close_s1     0.0
Close_s10    0.0
Close_s11    0.0
            ... 
Close_s95    0.0
Close_s96    0.0
Close_s97    0.0
Close_s98    0.0
Close_s99    0.0
Length: 101, dtype: float64","Close        0.0
Close_s0     0.0
Close_s1     0.0
Close_s10    0.0
Close_s11    0.0
            ... 
Close_s95    0.0
Close_s96    0.0
Close_s97    0.0
Close_s98    0.0
Close_s99    0.0
Length: 101, dtype: float64"
